'studentennummer','naam','achternaam','cohort','afstudeer_jaar','email','geslacht','orientatie','studie_status'
201500104,Aurlie,Bareham,2015,2018,abareham0@techcrunch.com,vrouw,Energietechniek,Voldaan
201900110,Flor,Deason,2019,,fdeason1@google.com.br,vrouw,,Inactief
201500113,Fonzie,Hugk,2015,2018,fhugk2@nih.gov,man,Energietechniek,Voldaan
201500113,Netty,Abbots,2015,2021,nabbots3@pinterest.com,vrouw,informatica,Voldaan
201800118,Jemmie,Howgate,2018,,jhowgate4@geocities.jp,vrouw,,Actief
201600118,Bettine,Arnaudi,2016,,barnaudi5@360.cn,vrouw,telecommunicatie,Actief
201200124,Minnnie,Grut,2012,2015,mgrut6@yolasite.com,vrouw,telecommunicatie,Voldaan
201500125,Calhoun,Rozier,2015,2020,crozier7@mysql.com,man,telecommunicatie,Voldaan
201600125,Jenda,Elsie,2016,,jelsie8@uiuc.edu,vrouw,Energietechniek,Actief
201700131,Dall,Angelini,2017,,dangelini9@123-reg.co.uk,man,,Inactief
202000131,Eleen,Kilmister,2020,,ekilmistera@ucla.edu,vrouw,,Actief
202000132,Frankie,Breward,2020,,fbrewardb@goodreads.com,vrouw,,Inactief
201500135,Corbet,Tolland,2015,2019,ctollandc@aboutads.info,man,telecommunicatie,Voldaan
201700136,Deanna,Maeer,2017,,dmaeerd@apache.org,vrouw,telecommunicatie,Actief
201300137,Valentine,Maggiori,2013,2016,vmaggiorie@howstuffworks.com,man,informatica,Voldaan
201600137,Gene,Arnason,2016,,garnasonf@netvibes.com,man,telecommunicatie,Actief
201200140,Gerri,Handasyde,2012,2018,ghandasydeg@hatena.ne.jp,man,telecommunicatie,Voldaan
201700140,Erwin,Devas,2017,,edevash@vistaprint.com,man,,Inactief
201600143,Der,Rimington,2016,,drimingtoni@sciencedirect.com,man,telecommunicatie,Inactief
201600146,Valenka,McCambridge,2016,,vmccambridgej@blogspot.com,vrouw,informatica,Inactief
201700146,Salvatore,Dobby,2017,,sdobbyk@ustream.tv,man,,Actief
201800147,Alex,Bensusan,2018,,abensusanl@squarespace.com,man,,Inactief
201800151,Tobiah,Beetles,2018,,tbeetlesm@auda.org.au,man,,Actief
202000153,Stanislas,Rosenauer,2020,,srosenauern@reference.com,man,,Actief
201300160,Gusta,Cristobal,2013,2016,gcristobalo@noaa.gov,vrouw,telecommunicatie,Voldaan
201800164,Heindrick,Du Plantier,2018,,hduplantierp@topsy.com,man,,Inactief
201900167,Roanne,Trayling,2019,,rtraylingq@tripadvisor.com,vrouw,,Inactief
201800179,Chloris,Skerm,2018,,cskermr@fc2.com,vrouw,,Inactief
201900180,Christiana,Clausius,2019,,cclausiuss@psu.edu,vrouw,,Inactief
202000183,Nancey,Saltman,2020,,nsaltmant@edublogs.org,vrouw,,Actief
201900184,Jed,Fouracre,2019,,jfouracreu@yahoo.com,man,,Inactief
201800188,Harmonie,Osburn,2018,,hosburnv@alexa.com,vrouw,,Actief
201200189,Anne,Vankeev,2012,2016,avankeevw@sciencedirect.com,vrouw,Energietechniek,Voldaan
201200187,Sebastiano,McGooch,2012,2015,smcgoochx@godaddy.com,man,Energietechniek,Voldaan
201500191,Clerc,Mander,2015,2019,cmandery@bizjournals.com,man,Energietechniek,Voldaan
201800193,Irwin,Winch,2018,,iwinchz@yellowbook.com,man,,Actief
201600196,Bili,Erlam,2016,,berlam10@slideshare.net,vrouw,Energietechniek,Inactief
201700196,Deedee,Tomet,2017,,dtomet11@blogs.com,vrouw,,Inactief
201900197,Lynea,Thring,2019,,lthring12@netvibes.com,vrouw,,Actief
201400198,Archibold,Antonescu,2014,2020,aantonescu13@ucsd.edu,man,informatica,Voldaan
201200200,Kirbie,Ashby,2012,2015,kashby14@mayoclinic.com,vrouw,informatica,Voldaan
201200203,Mela,Fairpool,2012,2017,mfairpool15@theatlantic.com,vrouw,informatica,Voldaan
201300204,Thebault,Skeech,2013,2018,tskeech16@scientificamerican.com,man,Energietechniek,Voldaan
201900204,Moises,Mewburn,2019,,mmewburn17@microsoft.com,man,,Actief
201300206,Jeanelle,Withull,2013,2019,jwithull18@nbcnews.com,vrouw,Energietechniek,Voldaan
202000210,Madalena,Jozsef,2020,,mjozsef19@techcrunch.com,vrouw,,Inactief
202000217,Fons,McKimmie,2020,,fmckimmie1a@jigsy.com,man,,Inactief
202000221,Selestina,Dwane,2020,,sdwane1b@mac.com,vrouw,,Actief
201500221,Debra,Gozzett,2015,2021,dgozzett1c@archive.org,vrouw,telecommunicatie,Voldaan
201900222,Berthe,Ciobotaru,2019,,bciobotaru1d@deviantart.com,vrouw,,Inactief
201400223,Madelaine,Chichgar,2014,2020,mchichgar1e@fotki.com,vrouw,telecommunicatie,Voldaan
202000224,Goddard,Sperry,2020,,gsperry1f@deliciousdays.com,man,,Actief
201900225,Shirley,Boffin,2019,,sboffin1g@nydailynews.com,vrouw,,Actief
201500225,Morissa,Creech,2015,2019,mcreech1h@un.org,vrouw,Energietechniek,Voldaan
201800228,Ricard,Moyle,2018,,rmoyle1i@woothemes.com,man,,Actief
201500233,Katie,Braden,2015,2020,kbraden1j@alexa.com,vrouw,informatica,Voldaan
201900234,Marleen,Syne,2019,,msyne1k@spotify.com,vrouw,,Inactief
201700241,Bryna,Aiskrigg,2017,,baiskrigg1l@bbc.co.uk,vrouw,,Inactief
201600242,Titus,Strapp,2016,,tstrapp1m@mapquest.com,man,telecommunicatie,Actief
201200245,Erminie,Fortune,2012,2015,efortune1n@meetup.com,vrouw,telecommunicatie,Voldaan
201200247,Carolus,Conniam,2012,2015,cconniam1o@hc360.com,man,informatica,Voldaan
201500256,Alexis,Bonnin,2015,2018,abonnin1p@dailymail.co.uk,vrouw,telecommunicatie,Voldaan
201400256,Molli,Cowherd,2014,2020,mcowherd1q@chron.com,vrouw,telecommunicatie,Voldaan
201900257,Griffin,Mueller,2019,,gmueller1r@cbslocal.com,man,,Inactief
201800259,Edlin,O'Geaney,2018,,eogeaney1s@msn.com,man,,Actief
201900261,Tremaine,Eakeley,2019,,teakeley1t@vk.com,man,,Inactief
202000262,Rycca,Fantone,2020,,rfantone1u@booking.com,vrouw,,Actief
201300270,Archer,Kidd,2013,2018,akidd1v@redcross.org,man,Energietechniek,Voldaan
202000277,Garek,Cassius,2020,,gcassius1w@narod.ru,man,,Inactief
202000278,Roarke,Jeaneau,2020,,rjeaneau1x@psu.edu,man,,Inactief
202000279,Herby,Aimeric,2020,,haimeric1y@nsw.gov.au,man,,Actief
201800282,Keeley,Damper,2018,,kdamper1z@xrea.com,vrouw,,Inactief
201500282,Elwin,Fley,2015,2018,efley20@statcounter.com,man,telecommunicatie,Voldaan
201200283,Eulalie,Diment,2012,2015,ediment21@github.io,vrouw,informatica,Voldaan
201500291,Roana,Tudbald,2015,2019,rtudbald22@networkadvertising.org,vrouw,informatica,Voldaan
201300293,Loraine,Kalinsky,2013,2016,lkalinsky23@issuu.com,vrouw,telecommunicatie,Voldaan
201600294,Isak,Magnay,2016,,imagnay24@1688.com,man,telecommunicatie,Inactief
202000294,Nikkie,Treadgold,2020,,ntreadgold25@blogger.com,vrouw,,Actief
201800303,Marcel,Capnerhurst,2018,,mcapnerhurst26@hao123.com,man,,Actief
202000304,Cort,Stubbington,2020,,cstubbington27@icio.us,man,,Actief
201800306,Miof mela,Impson,2018,,mimpson28@goo.gl,vrouw,,Inactief
201900307,Rodrique,Wadelin,2019,,rwadelin29@geocities.jp,man,,Inactief
201900309,Fredric,Wadmore,2019,,fwadmore2a@behance.net,man,,Actief
201400314,Fenelia,Clardge,2014,2017,fclardge2b@ocn.ne.jp,vrouw,informatica,Voldaan
201800315,Ronna,Ovanesian,2018,,rovanesian2c@arstechnica.com,vrouw,,Actief
201400316,Ashton,Dunford,2014,2018,adunford2d@blogtalkradio.com,man,Energietechniek,Voldaan
201400319,Essa,MacFarlan,2014,2017,emacfarlan2e@abc.net.au,vrouw,informatica,Voldaan
201800319,Daisi,Dwyer,2018,,ddwyer2f@cnn.com,vrouw,,Actief
202000324,Marji,McMeekan,2020,,mmcmeekan2g@senate.gov,vrouw,,Inactief
201700326,Mechelle,O' Donohoe,2017,,modonohoe2h@patch.com,vrouw,Energietechniek,Inactief
201900327,Candie,Strognell,2019,,cstrognell2i@oracle.com,vrouw,,Actief
201600328,Jodi,Minchin,2016,,jminchin2j@admin.ch,vrouw,telecommunicatie,Actief
202000330,Issi,Rape,2020,,irape2k@wufoo.com,vrouw,,Actief
201500331,Jimmy,McLaughlin,2015,2020,jmclaughlin2l@elpais.com,man,telecommunicatie,Voldaan
201800333,Meridith,Raftery,2018,,mraftery2m@google.ru,vrouw,,Inactief
201600335,Sawyere,Pales,2016,,spales2n@rakuten.co.jp,man,informatica,Inactief
201500335,Janaya,Anfrey,2015,2018,janfrey2o@alibaba.com,vrouw,informatica,Voldaan
201300335,Cassondra,Petel,2013,2016,cpetel2p@simplemachines.org,vrouw,telecommunicatie,Voldaan
201700339,Delmer,Munden,2017,,dmunden2q@go.com,man,telecommunicatie,Actief
201700345,Salaidh,Cosson,2017,,scosson2r@free.fr,vrouw,informatica,Actief
201400347,Wendel,Drinkhill,2014,2018,wdrinkhill2s@shinystat.com,man,Energietechniek,Voldaan
201400348,Brittney,Cody,2014,2020,bcody2t@liveinternet.ru,vrouw,informatica,Voldaan
202000351,Mikel,Allbones,2020,,mallbones2u@studiopress.com,man,,Inactief
201300352,Shel,Wehnerr,2013,2019,swehnerr2v@squidoo.com,vrouw,informatica,Voldaan
201500354,Charmion,Harragin,2015,2018,charragin2w@usda.gov,vrouw,informatica,Voldaan
201400355,Daphne,Stiger,2014,2019,dstiger2x@cnet.com,vrouw,informatica,Voldaan
201900356,Luke,Reeks,2019,,lreeks2y@miitbeian.gov.cn,man,,Actief
201200359,Olly,Bettison,2012,2017,obettison2z@miitbeian.gov.cn,man,Energietechniek,Voldaan
201400360,Halette,Kittiman,2014,2019,hkittiman30@fda.gov,vrouw,telecommunicatie,Voldaan
201700360,Jean,Poxon,2017,,jpoxon31@icq.com,man,telecommunicatie,Actief
201500361,Jacobo,McFeate,2015,,jmcfeate32@seattletimes.com,man,informatica,Inactief
201700365,Trumaine,Stivens,2017,,tstivens33@techcrunch.com,man,Energietechniek,Inactief
201900367,Isobel,Daw,2019,,idaw34@jalbum.net,vrouw,,Actief
201800372,Vanny,Pexton,2018,,vpexton35@t-online.de,vrouw,,Actief
201200373,Edan,Yuryichev,2012,2018,eyuryichev36@meetup.com,man,telecommunicatie,Voldaan
201700373,Melvyn,Waliszewski,2017,,mwaliszewski37@nih.gov,man,,Actief
202000384,Kaspar,Shireff,2020,,kshireff38@github.com,man,,Inactief
201900384,Yalonda,Gerdes,2019,,ygerdes39@drupal.org,vrouw,,Actief
201400387,Mechelle,Tolotti,2014,2017,mtolotti3a@blogspot.com,vrouw,Energietechniek,Voldaan
201600389,Zackariah,Flann,2016,,zflann3b@sakura.ne.jp,man,Energietechniek,Actief
201300390,Errol,Kemet,2013,2017,ekemet3c@usgs.gov,man,Energietechniek,Voldaan
201500396,Poppy,Lacer,2015,2019,placer3d@uiuc.edu,vrouw,Energietechniek,Voldaan
201800396,Gratiana,MacKellen,2018,,gmackellen3e@gizmodo.com,vrouw,,Inactief
201900403,Axel,Fenkel,2019,,afenkel3f@google.ca,man,,Actief
201500410,Jacquette,Mithon,2015,2018,jmithon3g@ibm.com,vrouw,informatica,Voldaan
201400411,Ardis,Drabble,2014,2019,adrabble3h@slashdot.org,vrouw,telecommunicatie,Voldaan
201800413,Ambrosi,Marcoolyn,2018,,amarcoolyn3i@networkadvertising.org,man,,Actief
201800416,Oren,Jodlkowski,2018,,ojodlkowski3j@blogspot.com,man,,Inactief
201500416,Minette,Henniger,2015,,mhenniger3k@yelp.com,vrouw,informatica,Actief
201700418,Dorisa,Brierly,2017,,dbrierly3l@timesonline.co.uk,vrouw,Energietechniek,Actief
201700421,Chancey,Jeffreys,2017,,cjeffreys3m@dyndns.org,man,,Actief
202000424,Humbert,Hrycek,2020,,hhrycek3n@list-manage.com,man,,Inactief
201700425,Nona,Grigoire,2017,,ngrigoire3o@deviantart.com,vrouw,Energietechniek,Inactief
201300426,Janessa,Gynni,2013,2016,jgynni3p@jugem.jp,vrouw,informatica,Voldaan
201400428,Jeni,Mersh,2014,2017,jmersh3q@msu.edu,vrouw,telecommunicatie,Voldaan
201700429,Valentia,Emmanuele,2017,,vemmanuele3r@tiny.cc,vrouw,informatica,Actief
201300430,Dex,Hanwright,2013,2016,dhanwright3s@craigslist.org,man,informatica,Voldaan
201500432,Glory,Latimer,2015,2018,glatimer3t@npr.org,vrouw,Energietechniek,Voldaan
201300436,Debee,Fancutt,2013,2019,dfancutt3u@spotify.com,vrouw,Energietechniek,Voldaan
201500437,Broderic,Misk,2015,2018,bmisk3v@telegraph.co.uk,man,Energietechniek,Voldaan
201700437,Janek,Cargenven,2017,,jcargenven3w@hugedomains.com,man,telecommunicatie,Inactief
201500440,Latashia,Lehr,2015,2019,llehr3x@wisc.edu,vrouw,informatica,Voldaan
201800441,Graig,Stanwix,2018,,gstanwix3y@barnesandnoble.com,man,,Actief
201200443,Marni,Athow,2012,2015,mathow3z@elegantthemes.com,vrouw,informatica,Voldaan
201700452,Winifield,Figgess,2017,,wfiggess40@columbia.edu,man,telecommunicatie,Inactief
202000455,Dolley,Meconi,2020,,dmeconi41@japanpost.jp,vrouw,,Actief
201200456,Talbot,Boice,2012,2015,tboice42@biblegateway.com,man,informatica,Voldaan
201800459,Sissie,Housego,2018,,shousego43@weebly.com,vrouw,,Actief
201800460,Maurise,Stannion,2018,,mstannion44@edublogs.org,man,,Inactief
201600460,Abby,Farnsworth,2016,,afarnsworth45@macromedia.com,vrouw,informatica,Inactief
201300462,Tomkin,Feasley,2013,2016,tfeasley46@intel.com,man,informatica,Voldaan
201400465,Saunders,Sambell,2014,2017,ssambell47@phpbb.com,man,informatica,Voldaan
201300469,Elora,Drinkel,2013,2019,edrinkel48@tripadvisor.com,vrouw,Energietechniek,Voldaan
201300471,Ethelred,Pitway,2013,2018,epitway49@state.gov,man,telecommunicatie,Voldaan
201700473,Rodd,cornhill,2017,,rcornhill4a@fc2.com,man,telecommunicatie,Actief
201900480,Jenelle,Todari,2019,,jtodari4b@deviantart.com,vrouw,,Inactief
201300481,Marve,Charer,2013,2017,mcharer4c@adobe.com,man,Energietechniek,Voldaan
201400486,Roberta,Miguel,2014,2018,rmiguel4d@fema.gov,vrouw,informatica,Voldaan
202000487,Willey,Reisin,2020,,wreisin4e@jimdo.com,man,,Inactief
201500488,Blanch,Lening,2015,2021,blening4f@addthis.com,vrouw,Energietechniek,Voldaan
201800489,Alexei,Lowrie,2018,,alowrie4g@engadget.com,man,,Inactief
201200492,Kip,Brittles,2012,2017,kbrittles4h@senate.gov,man,Energietechniek,Voldaan
201800492,Paul,Delamaine,2018,,pdelamaine4i@pagesperso-orange.fr,man,,Actief
202000493,Revkah,Story,2020,,rstory4j@symantec.com,vrouw,,Inactief
201700497,Phedra,Trengove,2017,,ptrengove4k@theglobeandmail.com,vrouw,telecommunicatie,Inactief
201700500,Chevy,Pifford,2017,,cpifford4l@ycombinator.com,man,Energietechniek,Actief
201900508,Alex,Maruska,2019,,amaruska4m@yellowpages.com,man,,Actief
201500508,Phillie,Langthorne,2015,2019,plangthorne4n@livejournal.com,vrouw,Energietechniek,Voldaan
201900511,Kendell,Farlambe,2019,,kfarlambe4o@prlog.org,man,,Actief
202000515,Steffi,Loveday,2020,,sloveday4p@apache.org,vrouw,,Actief
201600516,Ralina,Beedon,2016,,rbeedon4q@weather.com,vrouw,telecommunicatie,Inactief
201500520,Ximenez,Found,2015,2019,xfound4r@trellian.com,man,Energietechniek,Voldaan
201300524,Andriette,Giampietro,2013,2017,agiampietro4s@bandcamp.com,vrouw,informatica,Voldaan
201600527,Allyn,Sedman,2016,,asedman4t@ucla.edu,vrouw,,Actief
201900529,Egbert,Tradewell,2019,,etradewell4u@furl.net,man,,Actief
201800531,Whittaker,Bennell,2018,,wbennell4v@vkontakte.ru,man,,Actief
201600536,Thelma,Tomes,2016,,ttomes4w@paginegialle.it,vrouw,informatica,Inactief
201700548,Martainn,Booty,2017,,mbooty4x@youtube.com,man,Energietechniek,Actief
201500555,Kristopher,Favela,2015,2021,kfavela4y@nyu.edu,man,Energietechniek,Voldaan
201600559,Danya,MacLleese,2016,,dmaclleese4z@bizjournals.com,man,,Inactief
201700560,Domenic,Luscombe,2017,,dluscombe50@yahoo.com,man,telecommunicatie,Actief
202000563,Dulcinea,Megainey,2020,,dmegainey51@lulu.com,vrouw,,Inactief
202000564,Wolfie,Colquit,2020,,wcolquit52@devhub.com,man,,Inactief
201500565,Mikael,Luffman,2015,2018,mluffman53@myspace.com,man,Energietechniek,Voldaan
201500566,Jamill,Bridger,2015,2019,jbridger54@nature.com,man,informatica,Voldaan
201800566,Cosimo,Toll,2018,,ctoll55@forbes.com,man,,Actief
201800569,Shelly,covino,2018,,scovino56@hc360.com,vrouw,,Actief
201800570,Zita,Chalfain,2018,,zchalfain57@bigcartel.com,vrouw,,Actief
202000570,Artie,Castledine,2020,,acastledine58@vistaprint.com,man,,Actief
201400572,Esra,Creber,2014,2017,ecreber59@nhs.uk,man,Energietechniek,Voldaan
201500573,Winnah,Bordes,2015,2020,wbordes5a@foxnews.com,vrouw,Energietechniek,Voldaan
201900594,Maddy,Espy,2019,,mespy5b@spiegel.de,man,,Actief
201400596,Banky,Emer,2014,2020,bemer5c@51.la,man,telecommunicatie,Voldaan
201700596,Eberto,Gottschalk,2017,,egottschalk5d@reference.com,man,informatica,Inactief
201700599,Cass,Semeradova,2017,,csemeradova5e@wikia.com,vrouw,informatica,Inactief
201700612,Cynthie,Flintoffe,2017,,cflintoffe5f@macromedia.com,vrouw,informatica,Inactief
201700613,Alexia,Tuxell,2017,,atuxell5g@disqus.com,vrouw,telecommunicatie,Actief
201900613,Stillmann,Woolston,2019,,swoolston5h@i2i.jp,man,,Inactief
201300615,Obie,Dungey,2013,2019,odungey5i@huffingtonpost.com,man,telecommunicatie,Voldaan
201700617,Mildrid,Phebey,2017,,mphebey5j@blogs.com,vrouw,Energietechniek,Inactief
201300618,Jemimah,Vass,2013,2019,jvass5k@163.com,vrouw,Energietechniek,Voldaan
201800619,Way,Marti,2018,,wmarti5l@cmu.edu,man,,Inactief
202000620,Jackqueline,Washington,2020,,jwashington5m@gizmodo.com,vrouw,,Inactief
201200620,Herrick,Sparkwill,2012,2015,hsparkwill5n@hud.gov,man,telecommunicatie,Voldaan
201600622,Minne,Rotham,2016,,mrotham5o@npr.org,vrouw,telecommunicatie,Inactief
201200625,Donella,Di Bartolommeo,2012,2017,ddibartolommeo5p@free.fr,vrouw,telecommunicatie,Voldaan
201700632,Freeman,Troth,2017,,ftroth5q@sciencedirect.com,man,,Actief
201600633,Gray,Ellerington,2016,,gellerington5r@forbes.com,man,Energietechniek,Actief
201500634,Yul,Grewe,2015,2018,ygrewe5s@com.com,man,informatica,Voldaan
201300639,Sigismund,Seymour,2013,2019,sseymour5t@angelfire.com,man,informatica,Voldaan
201900642,Mattias,Blackwood,2019,,mblackwood5u@illinois.edu,man,,Inactief
201600648,Matti,Avrahamov,2016,,mavrahamov5v@dion.ne.jp,vrouw,telecommunicatie,Inactief
201200650,Enrika,Kinneally,2012,2015,ekinneally5w@ustream.tv,vrouw,Energietechniek,Voldaan
201800651,Odelle,O'Mullaney,2018,,oomullaney5x@house.gov,vrouw,,Actief
201900654,Jonie,Featherbie,2019,,jfeatherbie5y@networkadvertising.org,vrouw,,Actief
201300658,Sauveur,Jenton,2013,2019,sjenton5z@slashdot.org,man,informatica,Voldaan
201200658,Claybourne,Carlisi,2012,2015,ccarlisi60@trellian.com,man,Energietechniek,Voldaan
201900659,Antone,Blitz,2019,,ablitz61@accuweather.com,man,,Inactief
201500665,Susie,Petrolli,2015,2019,spetrolli62@google.ru,vrouw,telecommunicatie,Voldaan
201500666,Verna,Marriot,2015,,vmarriot63@vkontakte.ru,vrouw,telecommunicatie,Actief
201900671,Elga,Hume,2019,,ehume64@pinterest.com,vrouw,,Actief
201200675,Gal,Presho,2012,2015,gpresho65@google.it,man,informatica,Voldaan
201400678,Rheba,Grellis,2014,2018,rgrellis66@feedburner.com,vrouw,telecommunicatie,Voldaan
201800679,Vivien,Meininking,2018,,vmeininking67@statcounter.com,vrouw,,Inactief
201300679,Martyn,Botterman,2013,2017,mbotterman68@howstuffworks.com,man,informatica,Voldaan
201500679,Marshall,Clemens,2015,2019,mclemens69@globo.com,man,informatica,Voldaan
201800681,Francis,Garrity,2018,,fgarrity6a@ox.ac.uk,man,,Inactief
201800683,Maggie,Hixson,2018,,mhixson6b@aboutads.info,vrouw,,Inactief
201500684,Quentin,Grundwater,2015,2018,qgrundwater6c@buzzfeed.com,man,Energietechniek,Voldaan
201600686,Sanson,Cameli,2016,,scameli6d@bbc.co.uk,man,telecommunicatie,Inactief
201300692,Jocelyn,Wands,2013,2016,jwands6e@unesco.org,vrouw,Energietechniek,Voldaan
201300693,Lion,Leman,2013,2019,lleman6f@posterous.com,man,Energietechniek,Voldaan
201800696,Hallie,Blandamore,2018,,hblandamore6g@reuters.com,vrouw,,Inactief
201500699,Lynette,Cure,2015,2021,lcure6h@amazon.co.jp,vrouw,informatica,Voldaan
201500704,Baxter,Strutton,2015,2018,bstrutton6i@i2i.jp,man,telecommunicatie,Voldaan
202000705,Teodoro,Autry,2020,,tautry6j@miibeian.gov.cn,man,,Actief
201300706,Evvie,Applegate,2013,2018,eapplegate6k@barnesandnoble.com,vrouw,informatica,Voldaan
201600706,Sol,Glassman,2016,2020,sglassman6l@ebay.com,man,telecommunicatie,Voldaan
201500706,Sherm,Frango,2015,,sfrango6m@shareasale.com,man,Energietechniek,Inactief
201700713,Wake,Lincoln,2017,,wlincoln6n@indiegogo.com,man,Energietechniek,Actief
202000718,Teresita,Luckcock,2020,,tluckcock6o@studiopress.com,vrouw,,Actief
202000719,Merilee,Salliere,2020,,msalliere6p@vistaprint.com,vrouw,,Inactief
201500718,Joann,Popping,2015,,jpopping6q@storify.com,vrouw,informatica,Inactief
201400724,Abbey,Ricca,2014,2019,aricca6r@odnoklassniki.ru,vrouw,informatica,Voldaan
201500724,Guenna,McCraine,2015,2018,gmccraine6s@hc360.com,vrouw,informatica,Voldaan
201700724,Willie,Coe,2017,,wcoe6t@ucoz.ru,vrouw,Energietechniek,Inactief
202000724,Elijah,Philot,2020,,ephilot6u@ow.ly,man,,Inactief
201900726,Winifred,Biggin,2019,,wbiggin6v@ftc.gov,vrouw,,Inactief
201800729,Rivkah,Malyj,2018,,rmalyj6w@wunderground.com,vrouw,,Inactief
201600729,Leshia,Barnewille,2016,,lbarnewille6x@salon.com,vrouw,telecommunicatie,Actief
201900734,Quintilla,De Gregario,2019,,qdegregario6y@va.gov,vrouw,,Actief
201500735,Breanne,Loble,2015,,bloble6z@guardian.co.uk,vrouw,informatica,Inactief
202000735,Bernardina,Geroldo,2020,,bgeroldo70@miitbeian.gov.cn,vrouw,,Actief
201600736,Ban,Holbarrow,2016,2020,bholbarrow71@google.es,man,Energietechniek,Voldaan
201900736,Mack,Chidwick,2019,,mchidwick72@delicious.com,man,,Inactief
201200739,Tirrell,Bartosek,2012,2018,tbartosek73@naver.com,man,Energietechniek,Voldaan
202000741,Magdalen,Loughan,2020,,mloughan74@redcross.org,vrouw,,Actief
201500744,Sheree,Hayhurst,2015,2019,shayhurst75@wufoo.com,vrouw,informatica,Voldaan
201200745,Lucienne,Thurston,2012,2017,lthurston76@dot.gov,vrouw,telecommunicatie,Voldaan
201600749,Lammond,Rumens,2016,,lrumens77@twitpic.com,man,informatica,Inactief
201500750,Banky,Kenrack,2015,2020,bkenrack78@so-net.ne.jp,man,telecommunicatie,Voldaan
202000751,Tremain,Semarke,2020,,tsemarke79@mac.com,man,,Actief
201400753,Susanne,Mount,2014,2020,smount7a@google.fr,vrouw,Energietechniek,Voldaan
201400754,Elissa,Battrick,2014,2019,ebattrick7b@utexas.edu,vrouw,informatica,Voldaan
201900758,Dorelia,Ladyman,2019,,dladyman7c@businessinsider.com,vrouw,,Actief
201800766,Shelagh,Sheaber,2018,,ssheaber7d@usgs.gov,vrouw,,Inactief
201200767,Hermine,Brushfield,2012,2018,hbrushfield7e@kickstarter.com,vrouw,informatica,Voldaan
201500769,Madelon,Peller,2015,2020,mpeller7f@tripadvisor.com,vrouw,Energietechniek,Voldaan
201900771,Andi,Tuer,2019,,atuer7g@desdev.cn,vrouw,,Actief
201300776,Belia,Gaskarth,2013,2018,bgaskarth7h@liveinternet.ru,vrouw,informatica,Voldaan
201800780,Arley,Norris,2018,,anorris7i@umn.edu,man,,Actief
201400781,Derry,Cornelis,2014,2017,dcornelis7j@ocn.ne.jp,man,Energietechniek,Voldaan
201600781,Netty,Di Biaggi,2016,,ndibiaggi7k@adobe.com,vrouw,informatica,Actief
201600783,Aggie,McGlaud,2016,,amcglaud7l@apache.org,vrouw,Energietechniek,Inactief
202000786,Godwin,Goullee,2020,,ggoullee7m@upenn.edu,man,,Actief
201800786,Elisha,Mangan,2018,,emangan7n@blinklist.com,man,,Actief
201900788,Wake,Newbold,2019,,wnewbold7o@usnews.com,man,,Inactief
201900789,Dianna,Fourmy,2019,,dfourmy7p@washington.edu,vrouw,,Actief
201900792,Justinn,Berg,2019,,jberg7q@cloudflare.com,vrouw,,Inactief
201800794,Janice,Bourner,2018,,jbourner7r@devhub.com,vrouw,,Actief
202000797,Matilda,Beevor,2020,,mbeevor7s@mlb.com,vrouw,,Actief
201500798,Fidelio,Larwell,2015,2018,flarwell7t@1688.com,man,Energietechniek,Voldaan
201600800,Anni,Le land,2016,2020,aleland7u@biblegateway.com,vrouw,Energietechniek,Voldaan
201800803,Jamima,Lissett,2018,,jlissett7v@barnesandnoble.com,vrouw,,Inactief
201400806,Anne,Fursse,2014,2017,afursse7w@hexun.com,vrouw,telecommunicatie,Voldaan
201400808,Ann-marie,Rodolphe,2014,2018,arodolphe7x@tinypic.com,vrouw,Energietechniek,Voldaan
201500811,Marcellus,Mattschas,2015,2021,mmattschas7y@boston.com,man,telecommunicatie,Voldaan
201200814,Karl,Rustich,2012,2017,krustich7z@google.com.hk,man,telecommunicatie,Voldaan
201700814,Amity,Teers,2017,,ateers80@parallels.com,vrouw,Energietechniek,Inactief
201400824,Natalie,Jakubovski,2014,2018,njakubovski81@zdnet.com,vrouw,informatica,Voldaan
201600825,Annabella,Able,2016,,aable82@tripadvisor.com,vrouw,telecommunicatie,Actief
201600825,Bernardo,Boothebie,2016,,bboothebie83@jigsy.com,man,telecommunicatie,Actief
202000830,Yvor,Coultass,2020,,ycoultass84@google.cn,man,,Inactief
201600830,Lynn,Fearfull,2016,,lfearfull85@aol.com,vrouw,Energietechniek,Actief
201600832,Dacia,Sans,2016,,dsans86@1und1.de,vrouw,informatica,Actief
202000833,Bellanca,Smales,2020,,bsmales87@ed.gov,vrouw,,Actief
201400833,Grenville,Bealing,2014,2018,gbealing88@yandex.ru,man,telecommunicatie,Voldaan
201400834,Hadria,Godson,2014,2018,hgodson89@stumbleupon.com,vrouw,Energietechniek,Voldaan
201600835,Bartlet,Larder,2016,,blarder8a@scientificamerican.com,man,telecommunicatie,Inactief
202000836,Rafaelita,Blinerman,2020,,rblinerman8b@umich.edu,vrouw,,Actief
